Get help with YouTube,https://support.google.com//youtube/answer/13646088?hl=en
Find videos to watch__Find videos on YouTube,https://support.google.com//youtube/answer/7239739?hl=en
Find videos to watch__Find videos on YouTube,https://support.google.com//youtube/answer/6342839?hl=en
Find videos to watch__Find videos on YouTube,https://support.google.com//youtube/answer/111997?hl=en
Find videos to watch__Find videos on YouTube,https://support.google.com//youtube/answer/6125535?hl=en
Find videos to watch__Find videos on YouTube,https://support.google.com//youtube/answer/9210330?hl=en
Find videos to watch__Find videos on YouTube,https://support.google.com//youtube/answer/9372650?hl=en
Find videos to watch__Find videos on YouTube,https://support.google.com//youtube/answer/9744563?hl=en
Find videos to watch__Find videos on YouTube,https://support.google.com//youtube/answer/9872296?hl=en
Find videos to watch__Find videos on YouTube,https://support.google.com//youtube/answer/10806146?hl=en
Find videos to watch__Find videos on YouTube,https://support.google.com//youtube/answer/11039077?hl=en
Find videos to watch__Find videos on YouTube,https://support.google.com//youtube/answer/11997749?hl=en
Find videos to watch__Navigate around YouTube,https://support.google.com//youtube/answer/2398242?hl=en
Find videos to watch__Navigate around YouTube,https://support.google.com//youtube/answer/9396735?hl=en
Find videos to watch__Navigate around YouTube,https://support.google.com//youtube/answer/7367023?hl=en
Find videos to watch__Navigate around YouTube,https://support.google.com//youtube/answer/1047939?hl=en
Find videos to watch__Navigate around YouTube,https://support.google.com//youtube/answer/3802431?hl=en
Find videos to watch__Navigate around YouTube,https://support.google.com//youtube/answer/14110396?hl=en
Find videos to watch__Navigate around YouTube,https://support.google.com//youtube/answer/14728149?hl=en
Find videos to watch__Watch different types of videos,https://support.google.com//youtube/answer/6173147?hl=en
Find videos to watch__Watch different types of videos,https://support.google.com//youtube/answer/6059409?hl=en
Find videos to watch__Watch different types of videos,https://support.google.com//youtube/answer/9396645?hl=en
Find videos to watch__Watch different types of videos,https://support.google.com//youtube/answer/9632097?hl=en
Find videos to watch__Watch different types of videos,https://support.google.com//youtube/answer/12319243?hl=en
Find videos to watch__Watch gaming videos,https://support.google.com//youtube/answer/9134402?hl=en
Find videos to watch__Get news on YouTube,https://support.google.com//youtube/answer/9004474?hl=en
Find videos to watch__Get news on YouTube,https://support.google.com//youtube/answer/9057101?hl=en
Find videos to watch__Get news on YouTube,https://support.google.com//youtube/answer/7630512?hl=en
Find videos to watch__Get news on YouTube,https://support.google.com//youtube/answer/9229632?hl=en
Find videos to watch__Get news on YouTube,https://support.google.com//youtube/answer/10047535?hl=en
Find videos to watch,https://support.google.com//youtube/answer/9879686?hl=en
Find videos to watch,https://support.google.com//youtube/answer/13822251?hl=en
Find videos to watch__Get health info on YouTube,https://support.google.com//youtube/answer/9795167?hl=en
Find videos to watch__Get health info on YouTube,https://support.google.com//youtube/answer/10726080?hl=en
Find videos to watch__Get health info on YouTube,https://support.google.com//youtube/answer/12726650?hl=en
Find videos to watch__Get health info on YouTube,https://support.google.com//youtube/answer/12796915?hl=en
Find videos to watch__Get health info on YouTube,https://support.google.com//youtube/answer/14867414?hl=en
Change video settings__Change video player options,https://support.google.com//youtube/answer/74663?hl=en
Change video settings__Change video player options,https://support.google.com//youtube/answer/72689?hl=en
Change video settings__Change video player options,https://support.google.com//youtube/answer/7509567?hl=en
Change video settings__Change video player options,https://support.google.com//youtube/answer/6052392?hl=en
Change video settings__Change video player options,https://support.google.com//youtube/answer/6124459?hl=en
Change video settings__Change video player options,https://support.google.com//youtube/answer/7174115?hl=en
Change video settings__Change video player options,https://support.google.com//youtube/answer/14001626?hl=en
Change video settings__Customize how you watch videos,https://support.google.com//youtube/answer/7403255?hl=en
Change video settings__Customize how you watch videos,https://support.google.com//youtube/answer/7385323?hl=en
Change video settings__Customize how you watch videos,https://support.google.com//youtube/answer/7552722?hl=en
Change video settings__Customize how you watch videos,https://support.google.com//youtube/answer/9162927?hl=en
Change video settings__Customize how you watch videos,https://support.google.com//youtube/answer/7640367?hl=en
Change video settings__Customize how you watch videos,https://support.google.com//youtube/answer/12820428?hl=en
Change video settings__Customize how you watch videos,https://support.google.com//youtube/answer/14106294?hl=en
Change video settings__Other ways to change your experience on YouTube,https://support.google.com//youtube/answer/9012523?hl=en
Change video settings__Other ways to change your experience on YouTube,https://support.google.com//youtube/answer/9047376?hl=en
Change video settings__Other ways to change your experience on YouTube,https://support.google.com//youtube/answer/9052667?hl=en
Change video settings__Other ways to change your experience on YouTube,https://support.google.com//youtube/answer/9156467?hl=en
Change video settings__Other ways to change your experience on YouTube,https://support.google.com//youtube/answer/9270670?hl=en
Change video settings__Other ways to change your experience on YouTube,https://support.google.com//youtube/answer/9884905?hl=en
Change video settings__Other ways to change your experience on YouTube,https://support.google.com//youtube/answer/10788593?hl=en
Change video settings__Other ways to change your experience on YouTube,https://support.google.com//youtube/answer/6327615?hl=en
Change video settings__Watch offline in select countries,https://support.google.com//youtube/answer/6141269?hl=en
Change video settings__Watch offline in select countries,https://support.google.com//youtube/answer/7014021?hl=en
Change video settings__Watch offline in select countries,https://support.google.com//youtube/answer/7381355?hl=en
Change video settings__Watch offline in select countries,https://support.google.com//youtube/answer/7381437?hl=en
Change video settings__Understand content ratings,https://support.google.com//youtube/answer/146399?hl=en
Change video settings__Understand content ratings,https://support.google.com//youtube/answer/2707212?hl=en
Change video settings,https://support.google.com//youtube/answer/12825599?hl=en
Change video settings,https://support.google.com//youtube/answer/12827017?hl=en
Change video settings,https://support.google.com//youtube/answer/13339776?hl=en
Watch videos on different devices__Watch YouTube on mobile devices,https://support.google.com//youtube/answer/9040743?hl=en
Watch videos on different devices__Watch YouTube on mobile devices,https://support.google.com//youtube/answer/7174035?hl=en
Watch videos on different devices__Watch YouTube on mobile devices,https://support.google.com//youtube/answer/3008060?hl=en
Watch videos on different devices__Watch YouTube on mobile devices,https://support.google.com//youtube/answer/7356379?hl=en
Watch videos on different devices__Watch YouTube on mobile devices,https://support.google.com//youtube/answer/13323542?hl=en
Watch videos on different devices__Watch YouTube on mobile devices,https://support.google.com//youtube/answer/13323543?hl=en
Watch videos on different devices__Fix problems on mobile devices,https://support.google.com//youtube/answer/3223202?hl=en
Watch videos on different devices__Fix problems on mobile devices,https://support.google.com//youtube/answer/3008107?hl=en
Watch videos on different devices__Fix problems on mobile devices,https://support.google.com//youtube/answer/3159776?hl=en
Watch videos on different devices__Watch YouTube on game consoles,https://support.google.com//youtube/answer/3227660?hl=en
Watch videos on different devices__Watch YouTube on game consoles,https://support.google.com//youtube/answer/3013387?hl=en
Watch videos on different devices__Watch YouTube on game consoles,https://support.google.com//youtube/answer/9176176?hl=en
Watch videos on different devices__Watch YouTube on game consoles,https://support.google.com//youtube/answer/3013407?hl=en
Watch videos on different devices__Watch YouTube on game consoles,https://support.google.com//youtube/answer/3467988?hl=en
Watch videos on different devices__Watch YouTube on game consoles,https://support.google.com//youtube/answer/10280097?hl=en
Watch videos on different devices__Watch YouTube on smart TVs & streaming devices,https://support.google.com//youtube/answer/3015415?hl=en
Watch videos on different devices__Watch YouTube on smart TVs & streaming devices,https://support.google.com//youtube/answer/7612539?hl=en
Watch videos on different devices__Watch YouTube on smart TVs & streaming devices,https://support.google.com//youtube/answer/7583931?hl=en
Watch videos on different devices__Watch YouTube on smart TVs & streaming devices,https://support.google.com//youtube/answer/9394412?hl=en
Watch videos on different devices__Watch YouTube on smart TVs & streaming devices,https://support.google.com//youtube/answer/11937611?hl=en
Watch videos on different devices__Troubleshoot problems on your smart TV or game console,https://support.google.com//youtube/answer/6098135?hl=en
Watch videos on different devices__Troubleshoot problems on your smart TV or game console,https://support.google.com//youtube/answer/3079858?hl=en
Watch videos on different devices__Troubleshoot problems on your smart TV or game console,https://support.google.com//youtube/answer/7640706?hl=en
Watch videos on different devices__Troubleshoot problems on your smart TV or game console,https://support.google.com//youtube/answer/11904456?hl=en
Watch videos on different devices__Watch VR videos on YouTube,https://support.google.com//youtube/answer/7205134?hl=en
Watch videos on different devices__Watch VR videos on YouTube,https://support.google.com//youtube/answer/7205886?hl=en
Watch videos on different devices__Watch VR videos on YouTube,https://support.google.com//youtube/answer/6239930?hl=en
"Comment, subscribe, & connect with creators__Comment on videos",https://support.google.com//youtube/answer/6000976?hl=en
"Comment, subscribe, & connect with creators__Comment on videos",https://support.google.com//youtube/answer/6000964?hl=en
"Comment, subscribe, & connect with creators__Comment on videos",https://support.google.com//youtube/answer/14239105?hl=en
"Comment, subscribe, & connect with creators__Comment on videos",https://support.google.com//youtube/answer/7281348?hl=en
"Comment, subscribe, & connect with creators__Comment on videos",https://support.google.com//youtube/answer/9409333?hl=en
"Comment, subscribe, & connect with creators__Comment on videos",https://support.google.com//youtube/answer/13209064?hl=en
"Comment, subscribe, & connect with creators__Subscribe to channels",https://support.google.com//youtube/answer/4489286?hl=en
"Comment, subscribe, & connect with creators__Subscribe to channels",https://support.google.com//youtube/answer/7636475?hl=en
"Comment, subscribe, & connect with creators__Connect with creators",https://support.google.com//youtube/answer/6083270?hl=en
"Comment, subscribe, & connect with creators__Connect with creators",https://support.google.com//youtube/answer/57955?hl=en
"Comment, subscribe, & connect with creators__Connect with creators",https://support.google.com//youtube/answer/7124175?hl=en
"Comment, subscribe, & connect with creators__Connect with creators",https://support.google.com//youtube/answer/9632365?hl=en
"Comment, subscribe, & connect with creators__Connect to creators with purchases",https://support.google.com//youtube/answer/9178268?hl=en
"Comment, subscribe, & connect with creators__Connect to creators with purchases",https://support.google.com//youtube/answer/6304294?hl=en
"Comment, subscribe, & connect with creators__Connect to creators with purchases",https://support.google.com//youtube/answer/9178363?hl=en
"Comment, subscribe, & connect with creators__Connect to creators with purchases",https://support.google.com//youtube/answer/6318560?hl=en
"Comment, subscribe, & connect with creators__Connect to creators with purchases",https://support.google.com//youtube/answer/9262742?hl=en
"Comment, subscribe, & connect with creators__Connect to creators with purchases",https://support.google.com//youtube/answer/14915707?hl=en
"Comment, subscribe, & connect with creators__Connect to creators with purchases",https://support.google.com//youtube/answer/14917424?hl=en
Save or share videos & playlists__Create & manage playlists,https://support.google.com//youtube/answer/57792?hl=en
Save or share videos & playlists__Create & manage playlists,https://support.google.com//youtube/answer/56101?hl=en
Save or share videos & playlists__Create & manage playlists,https://support.google.com//youtube/answer/4541577?hl=en
Save or share videos & playlists__Create & manage playlists,https://support.google.com//youtube/answer/6083634?hl=en
Save or share videos & playlists__Create & manage playlists,https://support.google.com//youtube/answer/9209643?hl=en
Save or share videos & playlists__Share videos,https://support.google.com//youtube/answer/57741?hl=en
Save or share videos & playlists__Share videos,https://support.google.com//youtube/answer/10332730?hl=en
Save or share videos & playlists__Share playlists,https://support.google.com//youtube/answer/57793?hl=en
Save or share videos & playlists__Share playlists,https://support.google.com//youtube/answer/171780?hl=en
Save or share videos & playlists__Share playlists,https://support.google.com//youtube/answer/6109639?hl=en
Save or share videos & playlists__Use enhanced playlists,https://support.google.com//youtube/answer/6084043?hl=en
Save or share videos & playlists__Use enhanced playlists,https://support.google.com//youtube/answer/7665542?hl=en
Save or share videos & playlists__Use enhanced playlists,https://support.google.com//youtube/answer/9011078?hl=en
Save or share videos & playlists__Troubleshoot playlists,https://support.google.com//youtube/answer/97363?hl=en
Troubleshoot problems playing videos__Solve common video problems,https://support.google.com//youtube/answer/3037019?hl=en
Troubleshoot problems playing videos__Solve common video problems,https://support.google.com//youtube/answer/1230977?hl=en
Troubleshoot problems playing videos__Solve common video problems,https://support.google.com//youtube/answer/6397026?hl=en
Troubleshoot problems playing videos__Solve common video problems,https://support.google.com//youtube/answer/6062620?hl=en
Troubleshoot problems playing videos__Solve common video problems,https://support.google.com//youtube/answer/7519898?hl=en
Troubleshoot problems playing videos__Solve common video problems,https://support.google.com//youtube/answer/32050?hl=en
Troubleshoot problems playing videos__Solve common video problems,https://support.google.com//youtube/answer/14005097?hl=en
Troubleshoot problems playing videos__Understand viewing limitations,https://support.google.com//youtube/answer/92571?hl=en
Troubleshoot problems playing videos__Understand viewing limitations,https://support.google.com//youtube/answer/77272?hl=en
Troubleshoot problems playing videos__Understand viewing limitations,https://support.google.com//youtube/answer/6322658?hl=en
Troubleshoot problems playing videos__Understand viewing limitations,https://support.google.com//youtube/answer/9177241?hl=en
Troubleshoot problems playing videos__Understand viewing limitations,https://support.google.com//youtube/answer/12318250?hl=en
Troubleshoot problems playing videos,https://support.google.com//youtube/answer/12819304?hl=en
"Purchase & manage movies, TV shows & products on YouTube__Purchase movies & TV shows",https://support.google.com//youtube/answer/9675559?hl=en
"Purchase & manage movies, TV shows & products on YouTube__Purchase movies & TV shows",https://support.google.com//youtube/answer/9676953?hl=en
"Purchase & manage movies, TV shows & products on YouTube__Purchase movies & TV shows",https://support.google.com//youtube/answer/6193777?hl=en
"Purchase & manage movies, TV shows & products on YouTube__Purchase movies & TV shows",https://support.google.com//youtube/answer/6251495?hl=en
"Purchase & manage movies, TV shows & products on YouTube__Purchase movies & TV shows",https://support.google.com//youtube/answer/7577041?hl=en
"Purchase & manage movies, TV shows & products on YouTube__Purchase movies & TV shows",https://support.google.com//youtube/answer/3176175?hl=en
"Purchase & manage movies, TV shows & products on YouTube__Watch movies & TV shows",https://support.google.com//youtube/answer/3306741?hl=en
"Purchase & manage movies, TV shows & products on YouTube__Watch movies & TV shows",https://support.google.com//youtube/answer/3026993?hl=en
"Purchase & manage movies, TV shows & products on YouTube__Watch movies & TV shows",https://support.google.com//youtube/answer/10005180?hl=en
"Purchase & manage movies, TV shows & products on YouTube__Purchase and watch Primetime Channels on YouTube",https://support.google.com//youtube/answer/12770587?hl=en
"Purchase & manage movies, TV shows & products on YouTube__Purchase and watch Primetime Channels on YouTube",https://support.google.com//youtube/answer/9679194?hl=en
"Purchase & manage movies, TV shows & products on YouTube__Purchase and watch Primetime Channels on YouTube",https://support.google.com//youtube/answer/9148808?hl=en
"Purchase & manage movies, TV shows & products on YouTube__Purchase and watch Primetime Channels on YouTube",https://support.google.com//youtube/answer/9674101?hl=en
"Purchase & manage movies, TV shows & products on YouTube__Purchase and watch Primetime Channels on YouTube",https://support.google.com//youtube/answer/13780547?hl=en
"Purchase & manage movies, TV shows & products on YouTube__Purchase and watch Primetime Channels on YouTube__NFL Sunday Ticket",https://support.google.com//youtube/answer/13316318?hl=en
"Purchase & manage movies, TV shows & products on YouTube__Purchase and watch Primetime Channels on YouTube__NFL Sunday Ticket",https://support.google.com//youtube/answer/15138104?hl=en
"Purchase & manage movies, TV shows & products on YouTube__Purchase and watch Primetime Channels on YouTube__NFL Sunday Ticket",https://support.google.com//youtube/answer/15137773?hl=en
"Purchase & manage movies, TV shows & products on YouTube__Purchase and watch Primetime Channels on YouTube__NFL Sunday Ticket",https://support.google.com//youtube/answer/13635039?hl=en
"Purchase & manage movies, TV shows & products on YouTube__Purchase and watch Primetime Channels on YouTube__NFL Sunday Ticket",https://support.google.com//youtube/answer/13770167?hl=en
"Purchase & manage movies, TV shows & products on YouTube__Purchase and watch Primetime Channels on YouTube__NFL Sunday Ticket",https://support.google.com//youtube/answer/13821595?hl=en
"Purchase & manage movies, TV shows & products on YouTube__Purchase and watch Primetime Channels on YouTube__NFL Sunday Ticket",https://support.google.com//youtube/answer/13774540?hl=en
"Purchase & manage movies, TV shows & products on YouTube__Purchase and watch Primetime Channels on YouTube__NFL Sunday Ticket",https://support.google.com//youtube/answer/13844201?hl=en
"Purchase & manage movies, TV shows & products on YouTube__Purchase and watch Primetime Channels on YouTube",https://support.google.com//youtube/answer/10232409?hl=en
"Purchase & manage movies, TV shows & products on YouTube__Manage Primetime Channels on YouTube",https://support.google.com//youtube/answer/12358806?hl=en
"Purchase & manage movies, TV shows & products on YouTube__Manage Primetime Channels on YouTube",https://support.google.com//youtube/answer/12466883?hl=en
"Purchase & manage movies, TV shows & products on YouTube__Manage Primetime Channels on YouTube",https://support.google.com//youtube/answer/7298231?hl=en
"Purchase & manage movies, TV shows & products on YouTube__Manage Primetime Channels on YouTube",https://support.google.com//youtube/answer/78358?hl=en
"Purchase & manage movies, TV shows & products on YouTube__Buy courses on YouTube",https://support.google.com//youtube/answer/12751869?hl=en
"Purchase & manage movies, TV shows & products on YouTube__Buy products on YouTube",https://support.google.com//youtube/answer/9162845?hl=en
"Purchase & manage movies, TV shows & products on YouTube__Buy products on YouTube",https://support.google.com//youtube/answer/12257787?hl=en
Sign up and manage your account__Sign up for an account on YouTube,https://support.google.com//youtube/answer/161805?hl=en
Sign up and manage your account__Sign up for an account on YouTube,https://support.google.com//youtube/answer/69961?hl=en
Sign up and manage your account__Sign up for an account on YouTube,https://support.google.com//youtube/answer/1646861?hl=en
Sign up and manage your account__Sign up for an account on YouTube,https://support.google.com//youtube/answer/171664?hl=en
Sign up and manage your account__Sign up for an account on YouTube,https://support.google.com//youtube/answer/9879569?hl=en
Sign up and manage your account__Manage your account,https://support.google.com//youtube/answer/6019090?hl=en
Sign up and manage your account__Manage your account,https://support.google.com//youtube/answer/4642409?hl=en
Sign up and manage your account__Manage your account,https://support.google.com//youtube/answer/3046356?hl=en
Sign up and manage your account__Manage your account,https://support.google.com//youtube/answer/4628007?hl=en
Sign up and manage your account__Manage your account,https://support.google.com//youtube/answer/7286468?hl=en
Sign up and manage your account__Manage your account,https://support.google.com//youtube/answer/7278798?hl=en
Sign up and manage your account__Manage your account,https://support.google.com//youtube/answer/7001996?hl=en
Sign up and manage your account__Manage your account,https://support.google.com//youtube/answer/9367690?hl=en
Sign up and manage your account__Manage your account,https://support.google.com//youtube/answer/9846719?hl=en
Sign up and manage your account__Manage your account,https://support.google.com//youtube/answer/10977326?hl=en
Sign up and manage your account__Manage access to YouTube features,https://support.google.com//youtube/answer/9890437?hl=en
Sign up and manage your account__Manage access to YouTube features,https://support.google.com//youtube/answer/11044275?hl=en
Manage account settings__Manage basic settings,https://support.google.com//youtube/answer/174100?hl=en
Manage account settings__Manage basic settings,https://support.google.com//youtube/answer/87604?hl=en
Manage account settings__Manage basic settings,https://support.google.com//youtube/answer/55756?hl=en
Manage account settings__Manage basic settings,https://support.google.com//youtube/answer/10272442?hl=en
Manage account settings__Manage settings for your channel,https://support.google.com//youtube/answer/2976814?hl=en
Manage account settings__Manage settings for your channel,https://support.google.com//youtube/answer/9481328?hl=en
Manage account settings__Manage settings for your channel,https://support.google.com//youtube/answer/3046484?hl=en
Manage account settings__Manage settings for your channel,https://support.google.com//youtube/answer/11585688?hl=en
Manage account settings__Manage settings for your channel,https://support.google.com//youtube/answer/13871472?hl=en
Manage account settings__Manage notifications,https://support.google.com//youtube/answer/3382248?hl=en
Manage account settings__Manage notifications,https://support.google.com//youtube/answer/9012820?hl=en
Manage account settings__Manage notifications,https://support.google.com//youtube/answer/9012950?hl=en
Manage account settings__Manage notifications,https://support.google.com//youtube/answer/7123737?hl=en
Manage account settings__Manage gaming settings,https://support.google.com//youtube/answer/9024948?hl=en
Manage account settings__YouTube Contributors,https://support.google.com//youtube/answer/7124236?hl=en
Manage privacy settings__Manage history,https://support.google.com//youtube/answer/95725?hl=en
Manage privacy settings__Manage history,https://support.google.com//youtube/answer/57711?hl=en
Manage privacy settings__Manage activity,https://support.google.com//youtube/answer/7280190?hl=en
Manage privacy settings__Manage activity,https://support.google.com//youtube/answer/6336092?hl=en
Manage privacy settings__Manage activity,https://support.google.com//youtube/answer/10364219?hl=en
Manage privacy settings__Manage activity,https://support.google.com//youtube/answer/14129599?hl=en
Manage privacy settings__Manage activity,https://support.google.com//youtube/answer/14587247?hl=en
Manage privacy settings__Manage privacy settings on your content,https://support.google.com//youtube/answer/3127309?hl=en
Manage accessibility settings__General accessibility,https://support.google.com//youtube/answer/7631406?hl=en
Manage accessibility settings__General accessibility,https://support.google.com//youtube/answer/6087602?hl=en
Manage accessibility settings__Accessibility for visual impairments,https://support.google.com//youtube/answer/189278?hl=en
Manage accessibility settings__Accessibility for visual impairments,https://support.google.com//youtube/answer/7611653?hl=en
Manage accessibility settings__Accessibility for visual impairments,https://support.google.com//youtube/answer/7364677?hl=en
Manage accessibility settings__Accessibility for hearing impairments,https://support.google.com//youtube/answer/3029103?hl=en
Manage accessibility settings__Accessibility for hearing impairments,https://support.google.com//youtube/answer/100078?hl=en
Troubleshoot account issues__Sign in or access issues,https://support.google.com//youtube/answer/3309286?hl=en
Troubleshoot account issues__Sign in or access issues,https://support.google.com//youtube/answer/165556?hl=en
Troubleshoot account issues__Sign in or access issues,https://support.google.com//youtube/answer/2972692?hl=en
Troubleshoot account issues__Sign in or access issues,https://support.google.com//youtube/answer/6159254?hl=en
Troubleshoot account issues__Sign in or access issues,https://support.google.com//youtube/answer/1074205?hl=en
Troubleshoot account issues__Account issues,https://support.google.com//youtube/answer/55759?hl=en
Troubleshoot account issues__Account issues,https://support.google.com//youtube/answer/76187?hl=en
Troubleshoot account issues__Account issues,https://support.google.com//youtube/answer/9701986?hl=en
Troubleshoot account issues__Account issues,https://support.google.com//youtube/answer/14701368?hl=en
Troubleshoot account issues__Account issues,https://support.google.com//youtube/answer/14849770?hl=en
Troubleshoot account issues__Channel issues,https://support.google.com//youtube/answer/3056283?hl=en
Troubleshoot account issues__Issues using third-party tools,https://support.google.com//youtube/answer/3046478?hl=en
Troubleshoot account issues__Issues using third-party tools,https://support.google.com//youtube/answer/6388033?hl=en
YouTube updates,https://support.google.com//youtube/answer/9730487?hl=en
Supervised experience on YouTube,https://support.google.com//youtube/answer/10315420?hl=en
Supervised experience on YouTube,https://support.google.com//youtube/answer/10314940?hl=en
Supervised experience on YouTube,https://support.google.com//youtube/answer/10314074?hl=en
Supervised experience on YouTube,https://support.google.com//youtube/answer/10315823?hl=en
Supervised experience on YouTube,https://support.google.com//youtube/answer/13877231?hl=en
Supervised experience on YouTube,https://support.google.com//youtube/answer/10315825?hl=en
Supervised experience on YouTube,https://support.google.com//youtube/answer/10502576?hl=en
Supervised experience on YouTube,https://support.google.com//youtube/answer/13887963?hl=en
Supervised experience on YouTube,https://support.google.com//youtube/answer/14323217?hl=en
Join YouTube Premium,https://support.google.com//youtube/answer/6305537?hl=en
Join YouTube Premium,https://support.google.com//youtube/answer/9158808?hl=en
Join YouTube Premium,https://support.google.com//youtube/answer/11417260?hl=en
Join YouTube Premium,https://support.google.com//youtube/answer/7507349?hl=en
Join YouTube Premium,https://support.google.com//youtube/answer/13328232?hl=en
Join YouTube Premium,https://support.google.com//youtube/answer/6307365?hl=en
Join YouTube Premium,https://support.google.com//youtube/answer/10324204?hl=en
Learn about YouTube Premium benefits,https://support.google.com//youtube/answer/6308116?hl=en
Learn about YouTube Premium benefits,https://support.google.com//youtube/answer/10159588?hl=en
Learn about YouTube Premium benefits,https://support.google.com//youtube/answer/13401025?hl=en
Learn about YouTube Premium benefits,https://support.google.com//youtube/answer/10184580?hl=en
Learn about YouTube Premium benefits,https://support.google.com//youtube/answer/12002587?hl=en
Learn about YouTube Premium benefits,https://support.google.com//youtube/answer/6308244?hl=en
Learn about YouTube Premium benefits,https://support.google.com//youtube/answer/7060016?hl=en
Learn about YouTube Premium benefits,https://support.google.com//youtube/answer/9227818?hl=en
Learn about YouTube Premium benefits,https://support.google.com//youtube/answer/11977233?hl=en
Learn about YouTube Premium benefits,https://support.google.com//youtube/answer/9546304?hl=en
Learn about YouTube Premium benefits,https://support.google.com//youtube/answer/91449?hl=en
Learn about YouTube Premium benefits,https://support.google.com//youtube/answer/14328604?hl=en
Manage your Premium membership,https://support.google.com//youtube/answer/7548835?hl=en
Manage your Premium membership,https://support.google.com//youtube/answer/12156000?hl=en
Manage your Premium membership,https://support.google.com//youtube/answer/9169274?hl=en
Manage your Premium membership,https://support.google.com//youtube/answer/9155410?hl=en
Manage your Premium membership,https://support.google.com//youtube/answer/6308278?hl=en
Manage your Premium membership,https://support.google.com//youtube/answer/11950175?hl=en
Manage Premium billing,https://support.google.com//youtube/answer/10217125?hl=en
Manage Premium billing,https://support.google.com//youtube/answer/9517178?hl=en
Manage Premium billing,https://support.google.com//youtube/answer/9345473?hl=en
Manage Premium billing,https://support.google.com//youtube/answer/9346937?hl=en
Manage Premium billing,https://support.google.com//youtube/answer/9770906?hl=en
Manage Premium billing,https://support.google.com//youtube/answer/9852128?hl=en
Manage Premium billing,https://support.google.com//youtube/answer/9927383?hl=en
Manage Premium billing,https://support.google.com//youtube/answer/7644078?hl=en
Manage Premium billing,https://support.google.com//youtube/answer/10239146?hl=en
Manage Premium billing,https://support.google.com//youtube/answer/7259382?hl=en
Manage Premium billing,https://support.google.com//youtube/answer/12400348?hl=en
Fix YouTube Premium membership issues,https://support.google.com//youtube/answer/7435679?hl=en
Fix YouTube Premium membership issues,https://support.google.com//youtube/answer/7437518?hl=en
Fix YouTube Premium membership issues,https://support.google.com//youtube/answer/7437823?hl=en
Fix YouTube Premium membership issues,https://support.google.com//youtube/answer/7437519?hl=en
Fix YouTube Premium membership issues,https://support.google.com//youtube/answer/7437614?hl=en
Fix YouTube Premium membership issues,https://support.google.com//youtube/answer/7441275?hl=en
Fix YouTube Premium membership issues,https://support.google.com//youtube/answer/13187688?hl=en
Troubleshoot billing & charge issues,https://support.google.com//youtube/answer/9971763?hl=en
Troubleshoot billing & charge issues,https://support.google.com//youtube/answer/9972274?hl=en
Troubleshoot billing & charge issues,https://support.google.com//youtube/answer/9971664?hl=en
Troubleshoot billing & charge issues,https://support.google.com//youtube/answer/9971971?hl=en
Request a refund for YouTube paid products,https://support.google.com//youtube/answer/12014038?hl=en
Request a refund for YouTube paid products,https://support.google.com//youtube/answer/12013743?hl=en
Request a refund for YouTube paid products,https://support.google.com//youtube/answer/12017015?hl=en
Request a refund for YouTube paid products,https://support.google.com//youtube/answer/12016111?hl=en
Request a refund for YouTube paid products,https://support.google.com//youtube/answer/12017323?hl=en
Request a refund for YouTube paid products,https://support.google.com//youtube/answer/7298539?hl=en
Request a refund for YouTube paid products,https://support.google.com//youtube/answer/12829488?hl=en
Request a refund for YouTube paid products,https://support.google.com//youtube/answer/12016022?hl=en
Request a refund for YouTube paid products,https://support.google.com//youtube/answer/12015912?hl=en
Request a refund for YouTube paid products,https://support.google.com//youtube/answer/12015913?hl=en
Request a refund for YouTube paid products,https://support.google.com//youtube/answer/9545212?hl=en
Request a refund for YouTube paid products,https://support.google.com//youtube/answer/7071292?hl=en
YouTube Premium updates & promotions,https://support.google.com//youtube/answer/11957945?hl=en
Upload videos__Upload videos & stories,https://support.google.com//youtube/answer/57407?hl=en
Upload videos__Upload videos & stories,https://support.google.com//youtube/answer/71673?hl=en
Upload videos__Upload videos & stories,https://support.google.com//youtube/answer/7126552?hl=en
Upload videos__Upload videos & stories,https://support.google.com//youtube/answer/57409?hl=en
Upload videos__Choose upload settings,https://support.google.com//youtube/answer/2660027?hl=en
Upload videos__Choose upload settings,https://support.google.com//youtube/answer/7457584?hl=en
Upload videos__Choose upload settings,https://support.google.com//youtube/answer/1270709?hl=en
Upload videos__Choose upload settings,https://support.google.com//youtube/answer/146402?hl=en
Upload videos__Choose upload settings,https://support.google.com//youtube/answer/6375112?hl=en
Upload videos__Choose upload settings,https://support.google.com//youtube/answer/6390658?hl=en
"Upload videos__Upload VR, 3D, & 360-degree videos",https://support.google.com//youtube/answer/6178631?hl=en
"Upload videos__Upload VR, 3D, & 360-degree videos",https://support.google.com//youtube/answer/7278886?hl=en
"Upload videos__Upload VR, 3D, & 360-degree videos",https://support.google.com//youtube/answer/6395969?hl=en
Upload videos__Fix upload problems,https://support.google.com//youtube/answer/10383400?hl=en
Upload videos__Fix upload problems,https://support.google.com//youtube/answer/58134?hl=en
Upload videos__Fix upload problems,https://support.google.com//youtube/answer/71674?hl=en
Upload videos__Fix upload problems,https://support.google.com//youtube/answer/4525858?hl=en
Edit videos & video settings__Edit your videos,https://support.google.com//youtube/answer/3376882?hl=en
Edit videos & video settings__Edit your videos,https://support.google.com//youtube/answer/9637404?hl=en
Edit videos & video settings__Edit your videos,https://support.google.com//youtube/answer/9884579?hl=en
Edit videos & video settings__Edit video settings,https://support.google.com//youtube/answer/57404?hl=en
Edit videos & video settings__Edit video settings,https://support.google.com//youtube/answer/2453875?hl=en
Edit videos & video settings__Edit video settings,https://support.google.com//youtube/answer/6223673?hl=en
Edit videos & video settings__Edit video settings,https://support.google.com//youtube/answer/7074781?hl=en
Edit videos & video settings__Edit video settings,https://support.google.com//youtube/answer/14925430?hl=en
Edit videos & video settings__Optimize your videos,https://support.google.com//youtube/answer/72431?hl=en
Edit videos & video settings__Optimize your videos,https://support.google.com//youtube/answer/6388789?hl=en
Edit videos & video settings__Optimize your videos,https://support.google.com//youtube/answer/6140493?hl=en
Edit videos & video settings__Optimize your videos,https://support.google.com//youtube/answer/9057455?hl=en
Edit videos & video settings__Optimize your videos,https://support.google.com//youtube/answer/9057652?hl=en
Edit videos & video settings__Manage your videos,https://support.google.com//youtube/answer/56100?hl=en
Edit videos & video settings__Manage your videos,https://support.google.com//youtube/answer/55770?hl=en
Edit videos & video settings__Manage your videos,https://support.google.com//youtube/answer/6249768?hl=en
Edit videos & video settings__Manage your videos,https://support.google.com//youtube/answer/6364458?hl=en
Edit videos & video settings__Manage your videos,https://support.google.com//youtube/answer/9668091?hl=en
"Edit videos & video settings__Manage ""made for kids"" videos",https://support.google.com//youtube/answer/9643809?hl=en
Edit videos & video settings,https://support.google.com//youtube/answer/13861714?hl=en
Create Shorts,https://support.google.com//youtube/answer/10059070?hl=en
Create Shorts,https://support.google.com//youtube/answer/10343433?hl=en
Create Shorts,https://support.google.com//youtube/answer/12836917?hl=en
Create Shorts,https://support.google.com//youtube/answer/10623810?hl=en
Create Shorts,https://support.google.com//youtube/answer/12816427?hl=en
Create Shorts,https://support.google.com//youtube/answer/12779649?hl=en
Create Shorts,https://support.google.com//youtube/answer/13486873?hl=en
Create Shorts,https://support.google.com//youtube/answer/14075157?hl=en
Create Shorts,https://support.google.com//youtube/answer/14772770?hl=en
Edit videos with YouTube Create__Get started with YouTube Create,https://support.google.com//youtube/answer/13521392?hl=en
Edit videos with YouTube Create__Get started with YouTube Create,https://support.google.com//youtube/answer/13952912?hl=en
Edit videos with YouTube Create__Get started with YouTube Create,https://support.google.com//youtube/answer/13521789?hl=en
Edit videos with YouTube Create__Customize your videos with YouTube Create,https://support.google.com//youtube/answer/13522598?hl=en
Edit videos with YouTube Create__Customize your videos with YouTube Create,https://support.google.com//youtube/answer/13522106?hl=en
Edit videos with YouTube Create__Customize your videos with YouTube Create,https://support.google.com//youtube/answer/13521394?hl=en
Edit videos with YouTube Create__Customize your videos with YouTube Create,https://support.google.com//youtube/answer/13818789?hl=en
Edit videos with YouTube Create__Customize your videos with YouTube Create,https://support.google.com//youtube/answer/13521601?hl=en
Edit videos with YouTube Create__Publish your videos with YouTube Create,https://support.google.com//youtube/answer/13521602?hl=en
Edit videos with YouTube Create__Publish your videos with YouTube Create,https://support.google.com//youtube/answer/13521687?hl=en
Customize & manage your channel__Use YouTube Studio to manage your channel,https://support.google.com//youtube/answer/7548152?hl=en
Customize & manage your channel__Use YouTube Studio to manage your channel,https://support.google.com//youtube/answer/2673341?hl=en
Customize & manage your channel__Use YouTube Studio to manage your channel,https://support.google.com//youtube/answer/10232933?hl=en
Customize & manage your channel__Use YouTube Studio to manage your channel,https://support.google.com//youtube/answer/11322980?hl=en
Customize & manage your channel__Change your channel homepage,https://support.google.com//youtube/answer/3027950?hl=en
Customize & manage your channel__Change your channel homepage,https://support.google.com//youtube/answer/3219384?hl=en
Customize & manage your channel__Change your channel homepage,https://support.google.com//youtube/answer/10456525?hl=en
Customize & manage your channel__Change your channel homepage,https://support.google.com//youtube/answer/2657964?hl=en
Customize & manage your channel__Change your channel homepage,https://support.google.com//youtube/answer/2657968?hl=en
Customize & manage your channel__Change your channel homepage,https://support.google.com//youtube/answer/6180214?hl=en
Customize & manage your channel__Optimize your channel,https://support.google.com//youtube/answer/58097?hl=en
Customize & manage your channel__Optimize your channel,https://support.google.com//youtube/answer/3002587?hl=en
Customize & manage your channel__Optimize your channel,https://support.google.com//youtube/answer/141808?hl=en
Customize & manage your channel__Optimize your channel,https://support.google.com//youtube/answer/13748639?hl=en
Customize & manage your channel__Earn certifications & awards,https://support.google.com//youtube/answer/6145904?hl=en
Customize & manage your channel__Earn certifications & awards,https://support.google.com//youtube/answer/7380223?hl=en
Customize & manage your channel__Use the artist center,https://support.google.com//youtube/answer/7336634?hl=en
Customize & manage your channel__Use the artist center,https://support.google.com//youtube/answer/9048214?hl=en
Customize & manage your channel__Use the artist center,https://support.google.com//youtube/answer/6373125?hl=en
Customize & manage your channel__Use the artist center,https://support.google.com//youtube/answer/9048215?hl=en
Customize & manage your channel__Use the artist center,https://support.google.com//youtube/answer/14435815?hl=en
Customize & manage your channel__Use the artist center,https://support.google.com//youtube/answer/7237533?hl=en
Customize & manage your channel__Use the artist center,https://support.google.com//youtube/answer/9052555?hl=en
Customize & manage your channel__Use the artist center,https://support.google.com//youtube/answer/7197000?hl=en
Customize & manage your channel__Use the artist center,https://support.google.com//youtube/answer/7570245?hl=en
Customize & manage your channel__Use the artist center,https://support.google.com//youtube/answer/9014376?hl=en
Customize & manage your channel__Use the artist center,https://support.google.com//youtube/answer/9419340?hl=en
Customize & manage your channel__Use the artist center,https://support.google.com//youtube/answer/14158492?hl=en
Customize & manage your channel,https://support.google.com//youtube/answer/6327681?hl=en
Customize & manage your channel,https://support.google.com//youtube/answer/7341336?hl=en
Analyze performance with analytics__Get started with YouTube Analytics,https://support.google.com//youtube/answer/9002587?hl=en
Analyze performance with analytics__Get started with YouTube Analytics,https://support.google.com//youtube/answer/9717005?hl=en
Analyze performance with analytics__Get started with YouTube Analytics,https://support.google.com//youtube/answer/3529123?hl=en
Analyze performance with analytics__Get started with YouTube Analytics,https://support.google.com//youtube/answer/14645915?hl=en
Analyze performance with analytics__Overview tab,https://support.google.com//youtube/answer/9314414?hl=en
Analyze performance with analytics__Overview tab,https://support.google.com//youtube/answer/6051134?hl=en
Analyze performance with analytics__Overview tab,https://support.google.com//youtube/answer/9101241?hl=en
Analyze performance with analytics__Content tab (channel level),https://support.google.com//youtube/answer/12220281?hl=en
Analyze performance with analytics__Audience tab,https://support.google.com//youtube/answer/9314416?hl=en
Analyze performance with analytics__Audience tab,https://support.google.com//youtube/answer/10246996?hl=en
Analyze performance with analytics__Audience tab,https://support.google.com//youtube/answer/7577916?hl=en
Analyze performance with analytics__Audience tab,https://support.google.com//youtube/answer/9336507?hl=en
Analyze performance with analytics__Inspiration tab,https://support.google.com//youtube/answer/11962757?hl=en
Analyze performance with analytics__Reach tab (video level),https://support.google.com//youtube/answer/9314355?hl=en
Analyze performance with analytics__Reach tab (video level),https://support.google.com//youtube/answer/9314486?hl=en
Analyze performance with analytics__Reach tab (video level),https://support.google.com//youtube/answer/7628154?hl=en
Analyze performance with analytics__Reach tab (video level),https://support.google.com//youtube/answer/9717879?hl=en
Analyze performance with analytics__Engagement tab (video level),https://support.google.com//youtube/answer/9313698?hl=en
Analyze performance with analytics__Engagement tab (video level),https://support.google.com//youtube/answer/9314415?hl=en
Analyze performance with analytics__Engagement tab (video level),https://support.google.com//youtube/answer/2991785?hl=en
Analyze performance with analytics__Engagement tab (video level),https://support.google.com//youtube/answer/9314356?hl=en
"Translate videos, subtitles, & captions__Translate videos, subtitles, & captions",https://support.google.com//youtube/answer/2734796?hl=en
"Translate videos, subtitles, & captions__Translate videos, subtitles, & captions",https://support.google.com//youtube/answer/2734705?hl=en
"Translate videos, subtitles, & captions__Translate videos, subtitles, & captions",https://support.google.com//youtube/answer/6289575?hl=en
"Translate videos, subtitles, & captions__Translate videos, subtitles, & captions",https://support.google.com//youtube/answer/2734799?hl=en
"Translate videos, subtitles, & captions__Translate videos, subtitles, & captions",https://support.google.com//youtube/answer/2734698?hl=en
"Translate videos, subtitles, & captions__Translate videos, subtitles, & captions",https://support.google.com//youtube/answer/11983512?hl=en
"Translate videos, subtitles, & captions__Translate videos, subtitles, & captions",https://support.google.com//youtube/answer/13338784?hl=en
"Translate videos, subtitles, & captions__Translation settings & resources",https://support.google.com//youtube/answer/4792576?hl=en
"Translate videos, subtitles, & captions__Translation settings & resources",https://support.google.com//youtube/answer/6304325?hl=en
"Translate videos, subtitles, & captions__Translation settings & resources",https://support.google.com//youtube/answer/7296123?hl=en
"Translate videos, subtitles, & captions__Translation settings & resources",https://support.google.com//youtube/answer/7296221?hl=en
"Translate videos, subtitles, & captions__Translation settings & resources",https://support.google.com//youtube/answer/6070467?hl=en
"Translate videos, subtitles, & captions__Translation settings & resources",https://support.google.com//youtube/answer/9861599?hl=en
Manage your community & comments__Manage comments,https://support.google.com//youtube/answer/9482556?hl=en
Manage your community & comments__Manage comments,https://support.google.com//youtube/answer/9483359?hl=en
Manage your community & comments__Manage comments,https://support.google.com//youtube/answer/9482367?hl=en
Manage your community & comments__Manage comments,https://support.google.com//youtube/answer/9482361?hl=en
Manage your community & comments__Manage comments,https://support.google.com//youtube/answer/9482362?hl=en
Manage your community & comments__Manage comments,https://support.google.com//youtube/answer/3523594?hl=en
Manage your community & comments__Manage comments,https://support.google.com//youtube/answer/11895180?hl=en
Manage your community & comments__Manage comments,https://support.google.com//youtube/answer/10357396?hl=en
Manage your community & comments__Manage subscribers,https://support.google.com//youtube/answer/7389684?hl=en
Manage your community & comments__Manage subscribers,https://support.google.com//youtube/answer/7280745?hl=en
Manage your community & comments__Engage viewers with Community posts,https://support.google.com//youtube/answer/9409631?hl=en
Manage your community & comments__Engage viewers with Community posts,https://support.google.com//youtube/answer/7124474?hl=en
Manage your community & comments__Engage viewers with Community posts,https://support.google.com//youtube/answer/9409432?hl=en
Manage your community & comments__Connect with viewers as a nonprofit,https://support.google.com//youtube/answer/3545195?hl=en
Manage your community & comments__Connect with viewers as a nonprofit,https://support.google.com//youtube/answer/3367463?hl=en
Manage your community & comments__Connect with viewers as a nonprofit,https://support.google.com//youtube/answer/6327868?hl=en
Manage your community & comments__Connect with viewers as a nonprofit,https://support.google.com//youtube/answer/7010046?hl=en
Manage your community & comments__Fundraise for a nonprofit on YouTube,https://support.google.com//youtube/answer/9457362?hl=en
Manage your community & comments__Fundraise for a nonprofit on YouTube,https://support.google.com//youtube/answer/6319255?hl=en
Manage your community & comments__Fundraise for a nonprofit on YouTube,https://support.google.com//youtube/answer/9918203?hl=en
Live stream on YouTube__Get started with live streaming,https://support.google.com//youtube/answer/2474026?hl=en
Live stream on YouTube__Get started with live streaming,https://support.google.com//youtube/answer/9228389?hl=en
Live stream on YouTube__Get started with live streaming,https://support.google.com//youtube/answer/9228390?hl=en
Live stream on YouTube__Get started with live streaming,https://support.google.com//youtube/answer/2524542?hl=en
Live stream on YouTube__Get started with live streaming,https://support.google.com//youtube/answer/2853856?hl=en
Live stream on YouTube__Get started with live streaming,https://support.google.com//youtube/answer/12112663?hl=en
Live stream on YouTube__Use an encoder to live stream,https://support.google.com//youtube/answer/2853702?hl=en
Live stream on YouTube__Use an encoder to live stream,https://support.google.com//youtube/answer/7444635?hl=en
Live stream on YouTube__Use an encoder to live stream,https://support.google.com//youtube/answer/6396222?hl=en
Live stream on YouTube__Use an encoder to live stream,https://support.google.com//youtube/answer/7060842?hl=en
Live stream on YouTube__Use an encoder to live stream,https://support.google.com//youtube/answer/2907883?hl=en
Live stream on YouTube__Use an encoder to live stream,https://support.google.com//youtube/answer/9854503?hl=en
Live stream on YouTube__Use an encoder to live stream,https://support.google.com//youtube/answer/10265272?hl=en
Live stream on YouTube__Use an encoder to live stream,https://support.google.com//youtube/answer/10349430?hl=en
Live stream on YouTube__Use an encoder to live stream,https://support.google.com//youtube/answer/10364924?hl=en
Live stream on YouTube__Use an encoder to live stream,https://support.google.com//youtube/answer/13440750?hl=en
Live stream on YouTube__Use additional live streaming features,https://support.google.com//youtube/answer/4522163?hl=en
Live stream on YouTube__Use additional live streaming features,https://support.google.com//youtube/answer/2853833?hl=en
Live stream on YouTube__Use additional live streaming features,https://support.google.com//youtube/answer/7638112?hl=en
Live stream on YouTube__Use additional live streaming features,https://support.google.com//youtube/answer/9080341?hl=en
Live stream on YouTube__Use additional live streaming features,https://support.google.com//youtube/answer/9296823?hl=en
Live stream on YouTube__Use additional live streaming features,https://support.google.com//youtube/answer/10356739?hl=en
Live stream on YouTube__Use additional live streaming features,https://support.google.com//youtube/answer/10359590?hl=en
Live stream on YouTube__Monetize your live stream,https://support.google.com//youtube/answer/7385599?hl=en
Live stream on YouTube__Troubleshoot your live stream,https://support.google.com//youtube/answer/2853835?hl=en
Live stream on YouTube__Troubleshoot your live stream,https://support.google.com//youtube/answer/2853834?hl=en
Live stream on YouTube__Troubleshoot your live stream,https://support.google.com//youtube/answer/3006768?hl=en
Live stream on YouTube__Manage live chat & captions,https://support.google.com//youtube/answer/2524549?hl=en
Live stream on YouTube__Manage live chat & captions,https://support.google.com//youtube/answer/3068031?hl=en
Live stream on YouTube__Manage live chat & captions,https://support.google.com//youtube/answer/7660824?hl=en
Live stream on YouTube__Manage live chat & captions,https://support.google.com//youtube/answer/7663906?hl=en
Live stream on YouTube__Manage live chat & captions,https://support.google.com//youtube/answer/6373554?hl=en
Live stream on YouTube__Manage live chat & captions,https://support.google.com//youtube/answer/9826490?hl=en
Live stream on YouTube__Manage live chat & captions,https://support.google.com//youtube/answer/10888907?hl=en
Become a podcast creator on YouTube,https://support.google.com//youtube/answer/12751636?hl=en
Become a podcast creator on YouTube,https://support.google.com//youtube/answer/13175969?hl=en
Become a podcast creator on YouTube,https://support.google.com//youtube/answer/13379217?hl=en
Become a podcast creator on YouTube,https://support.google.com//youtube/answer/14106258?hl=en
Become a podcast creator on YouTube,https://support.google.com//youtube/answer/13525207?hl=en
Become a podcast creator on YouTube,https://support.google.com//youtube/answer/13973017?hl=en
Creator and Studio App updates,https://support.google.com//youtube/answer/9072033?hl=en
YouTube Partner Program__The basics,https://support.google.com//youtube/answer/7682560?hl=en
YouTube Partner Program__The basics,https://support.google.com//youtube/answer/12768711?hl=en
YouTube Partner Program__The basics,https://support.google.com//youtube/answer/13429240?hl=en
YouTube Partner Program__Policies & eligibility,https://support.google.com//youtube/answer/72851?hl=en
YouTube Partner Program__Policies & eligibility,https://support.google.com//youtube/answer/9288567?hl=en
YouTube Partner Program__Policies & eligibility,https://support.google.com//youtube/answer/9962575?hl=en
YouTube Partner Program__What you can monetize & how,https://support.google.com//youtube/answer/2490020?hl=en
YouTube Partner Program__What you can monetize & how,https://support.google.com//youtube/answer/7687980?hl=en
YouTube Partner Program__What you can monetize & how,https://support.google.com//youtube/answer/3301938?hl=en
YouTube Partner Program__Updates & FAQs,https://support.google.com//youtube/answer/9725604?hl=en
YouTube Partner Program__Updates & FAQs,https://support.google.com//youtube/answer/10090902?hl=en
YouTube Partner Program__Updates & FAQs,https://support.google.com//youtube/answer/9235997?hl=en
YouTube Partner Program__Updates & FAQs,https://support.google.com//youtube/answer/9269824?hl=en
YouTube Partner Program__Updates & FAQs,https://support.google.com//youtube/answer/9269689?hl=en
YouTube Partner Program__Updates & FAQs,https://support.google.com//youtube/answer/141805?hl=en
YouTube Partner Program__Updates & FAQs,https://support.google.com//youtube/answer/12843009?hl=en
Make money on YouTube__Overview,https://support.google.com//youtube/answer/94522?hl=en
Make money on YouTube__Overview,https://support.google.com//youtube/answer/1311392?hl=en
Make money on YouTube__Overview,https://support.google.com//youtube/answer/1620498?hl=en
Make money on YouTube__Overview,https://support.google.com//youtube/answer/9385307?hl=en
Make money on YouTube__Overview,https://support.google.com//youtube/answer/13195878?hl=en
Make money on YouTube__Overview,https://support.google.com//youtube/answer/14795735?hl=en
Make money on YouTube__Ads monetization,https://support.google.com//youtube/answer/6162278?hl=en
Make money on YouTube__Ads monetization,https://support.google.com//youtube/answer/9348366?hl=en
Make money on YouTube__Ads monetization,https://support.google.com//youtube/answer/10291745?hl=en
Make money on YouTube__Ads monetization,https://support.google.com//youtube/answer/7561938?hl=en
Make money on YouTube__Creator Music,https://support.google.com//youtube/answer/11610212?hl=en
Make money on YouTube__Creator Music,https://support.google.com//youtube/answer/11609357?hl=en
Make money on YouTube__Creator Music,https://support.google.com//youtube/answer/11610753?hl=en
Make money on YouTube__Creator Music,https://support.google.com//youtube/answer/11609509?hl=en
Make money on YouTube__Creator Music,https://support.google.com//youtube/answer/12657860?hl=en
Make money on YouTube__Creator Music,https://support.google.com//youtube/answer/11611019?hl=en
Make money on YouTube__Creator Music,https://support.google.com//youtube/answer/11623091?hl=en
Make money on YouTube__Creator Music,https://support.google.com//youtube/answer/11610609?hl=en
Make money on YouTube__Channel memberships,https://support.google.com//youtube/answer/7636690?hl=en
Make money on YouTube__Channel memberships,https://support.google.com//youtube/answer/7638479?hl=en
Make money on YouTube__Channel memberships,https://support.google.com//youtube/answer/7491256?hl=en
Make money on YouTube__Channel memberships,https://support.google.com//youtube/answer/7544492?hl=en
Make money on YouTube__Channel memberships,https://support.google.com//youtube/answer/10119895?hl=en
Make money on YouTube__Channel memberships,https://support.google.com//youtube/answer/10120241?hl=en
Make money on YouTube__Channel memberships,https://support.google.com//youtube/answer/10120158?hl=en
Make money on YouTube__Channel memberships,https://support.google.com//youtube/answer/10120159?hl=en
Make money on YouTube__Channel memberships,https://support.google.com//youtube/answer/14915302?hl=en
"Make money on YouTube__Super Chat, Super Stickers & Super Thanks",https://support.google.com//youtube/answer/9277801?hl=en
"Make money on YouTube__Super Chat, Super Stickers & Super Thanks",https://support.google.com//youtube/answer/9278306?hl=en
"Make money on YouTube__Super Chat, Super Stickers & Super Thanks",https://support.google.com//youtube/answer/7288782?hl=en
"Make money on YouTube__Super Chat, Super Stickers & Super Thanks",https://support.google.com//youtube/answer/10879035?hl=en
"Make money on YouTube__Super Chat, Super Stickers & Super Thanks",https://support.google.com//youtube/answer/10878910?hl=en
"Make money on YouTube__Super Chat, Super Stickers & Super Thanks",https://support.google.com//youtube/answer/9315687?hl=en
Make money on YouTube__Shopping,https://support.google.com//youtube/answer/12257682?hl=en
Make money on YouTube__Shopping,https://support.google.com//youtube/answer/12258186?hl=en
Make money on YouTube__Shopping,https://support.google.com//youtube/answer/12258288?hl=en
Make money on YouTube__Shopping,https://support.google.com//youtube/answer/10191533?hl=en
Make money on YouTube__Shopping,https://support.google.com//youtube/answer/12299016?hl=en
Make money on YouTube__Shopping,https://support.google.com//youtube/answer/13202713?hl=en
Make money on YouTube__Shopping,https://support.google.com//youtube/answer/14683062?hl=en
Make money on YouTube__Shopping,https://support.google.com//youtube/answer/13376398?hl=en
Make money on YouTube__Shorts,https://support.google.com//youtube/answer/12504220?hl=en
Get paid__Understand your earnings,https://support.google.com//youtube/answer/72857?hl=en
Get paid__Understand your earnings,https://support.google.com//youtube/answer/72902?hl=en
Get paid__Understand your earnings,https://support.google.com//youtube/answer/9314488?hl=en
Get paid__Understand your earnings,https://support.google.com//youtube/answer/9314357?hl=en
Get paid__Understand your earnings,https://support.google.com//youtube/answer/10391362?hl=en
Get paid__Understand your earnings,https://support.google.com//youtube/answer/10390801?hl=en
Get paid__Understand your earnings,https://support.google.com//youtube/answer/12843008?hl=en
Get paid__Understand your earnings,https://support.google.com//youtube/answer/12496325?hl=en
Get paid__AdSense,https://support.google.com//youtube/answer/11602441?hl=en
Get paid__AdSense,https://support.google.com//youtube/answer/14732067?hl=en
Get paid__AdSense,https://support.google.com//youtube/answer/9914702?hl=en
Get paid__AdSense,https://support.google.com//youtube/answer/7367146?hl=en
Get paid__AdSense,https://support.google.com//youtube/answer/14727140?hl=en
Get paid__AdSense,https://support.google.com//youtube/answer/14728151?hl=en
Get paid__AdSense,https://support.google.com//youtube/answer/14727844?hl=en
Get paid__AdSense,https://support.google.com//youtube/answer/14728152?hl=en
Get paid__Payment issues,https://support.google.com//youtube/answer/14727845?hl=en
Get paid__Payment issues,https://support.google.com//youtube/answer/10801543?hl=en
Get paid__Payment issues,https://support.google.com//youtube/answer/10285842?hl=en
Get paid__Payment issues,https://support.google.com//youtube/answer/57153?hl=en
Understand ads and related policies__Understand ads,https://support.google.com//youtube/answer/3181017?hl=en
Understand ads and related policies__Understand ads,https://support.google.com//youtube/answer/2467968?hl=en
Understand ads and related policies__Understand ads,https://support.google.com//youtube/answer/2475463?hl=en
Understand ads and related policies__Understand ads,https://support.google.com//youtube/answer/10588440?hl=en
Understand ads and related policies__Understand ads,https://support.google.com//youtube/answer/9713557?hl=en
Understand ads and related policies__Understand ads,https://support.google.com//youtube/answer/10315824?hl=en
Understand ads and related policies__Manage ads on your videos,https://support.google.com//youtube/answer/7438625?hl=en
Understand ads and related policies__Manage ads on your videos,https://support.google.com//youtube/answer/6175006?hl=en
Understand ads and related policies__Manage ads on your videos,https://support.google.com//youtube/answer/3111161?hl=en
Understand ads and related policies__Manage ads on your videos,https://support.google.com//youtube/answer/154235?hl=en
Understand ads and related policies__Manage ads on your videos,https://support.google.com//youtube/answer/172795?hl=en
Understand ads and related policies__Manage ads on your videos,https://support.google.com//youtube/answer/9487666?hl=en
Understand ads and related policies__Manage ads on your videos,https://support.google.com//youtube/answer/132596?hl=en
Understand ads and related policies__Advertiser info & policies,https://support.google.com//youtube/answer/188570?hl=en
Understand ads and related policies__Advertiser info & policies,https://support.google.com//youtube/answer/1304683?hl=en
Understand ads and related policies__Advertiser info & policies,https://support.google.com//youtube/answer/1304642?hl=en
Understand ads and related policies__Advertiser info & policies,https://support.google.com//youtube/answer/1304644?hl=en
Understand ads and related policies__Advertiser info & policies,https://support.google.com//youtube/answer/6168681?hl=en
Understand ads and related policies__Advertiser info & policies,https://support.google.com//youtube/answer/6362085?hl=en
Understand ads and related policies__Advertiser info & policies,https://support.google.com//youtube/answer/1304685?hl=en
Understand ads and related policies__Advertiser info & policies,https://support.google.com//youtube/answer/4574026?hl=en
Understand ads and related policies__Advertiser info & policies,https://support.google.com//youtube/answer/1304631?hl=en
Understand ads and related policies__Advertiser info & policies,https://support.google.com//youtube/answer/9823520?hl=en
Understand ads and related policies__Targeting & serving,https://support.google.com//youtube/answer/1304654?hl=en
Understand ads and related policies__Targeting & serving,https://support.google.com//youtube/answer/1304611?hl=en
Understand ads and related policies__Targeting & serving,https://support.google.com//youtube/answer/1304629?hl=en
Understand ads and related policies__Targeting & serving,https://support.google.com//youtube/answer/2985327?hl=en
Understand ads and related policies__Targeting & serving,https://support.google.com//youtube/answer/1069906?hl=en
Understand ads and related policies__Targeting & serving,https://support.google.com//youtube/answer/1342206?hl=en
"Get help with the YouTube Partner Program__Common issues__Account issues, strikes & appeals",https://support.google.com//youtube/answer/9564590?hl=en
"Get help with the YouTube Partner Program__Common issues__Account issues, strikes & appeals",https://support.google.com//youtube/answer/7083671?hl=en
"Get help with the YouTube Partner Program__Common issues__Account issues, strikes & appeals",https://support.google.com//youtube/answer/1153367?hl=en
Get help with the YouTube Partner Program__Common issues,https://support.google.com//youtube/answer/9208564?hl=en
Get help with the YouTube Partner Program__Common issues,https://support.google.com//youtube/answer/10269388?hl=en
Get help with the YouTube Partner Program__Common issues,https://support.google.com//youtube/answer/9235730?hl=en
Get help with the YouTube Partner Program__Common issues,https://support.google.com//youtube/answer/9269751?hl=en
Get help with the YouTube Partner Program__Common issues,https://support.google.com//youtube/answer/14340193?hl=en
Get help with the YouTube Partner Program__Support options,https://support.google.com//youtube/answer/6249136?hl=en
Get help with the YouTube Partner Program__Support options,https://support.google.com//youtube/answer/3545535?hl=en
Get help with the YouTube Partner Program__Support options,https://support.google.com//youtube/answer/4347644?hl=en
Get help with the YouTube Partner Program__Support options,https://support.google.com//youtube/answer/2758938?hl=en
Get help with the YouTube Partner Program__Support options,https://support.google.com//youtube/answer/6361049?hl=en
Get help with the YouTube Partner Program__Resources for affiliate channels,https://support.google.com//youtube/answer/2737059?hl=en
Get help with the YouTube Partner Program__Resources for affiliate channels,https://support.google.com//youtube/answer/7229458?hl=en
Get help with the YouTube Partner Program__Resources for affiliate channels,https://support.google.com//youtube/answer/10391273?hl=en
YouTube for Content Managers__Understand YouTube rights management,https://support.google.com//youtube/answer/4597810?hl=en
YouTube for Content Managers__Understand YouTube rights management__Learn about Content ID,https://support.google.com//youtube/answer/3244015?hl=en
YouTube for Content Managers__Understand YouTube rights management__Learn about Content ID,https://support.google.com//youtube/answer/2605065?hl=en
YouTube for Content Managers__Understand YouTube rights management__Learn about Content ID,https://support.google.com//youtube/answer/9896248?hl=en
YouTube for Content Managers__Understand YouTube rights management,https://support.google.com//youtube/answer/9142671?hl=en
YouTube for Content Managers__Set up your Content Manager,https://support.google.com//youtube/answer/9082582?hl=en
YouTube for Content Managers__Set up your Content Manager,https://support.google.com//youtube/answer/6301087?hl=en
YouTube for Content Managers__Set up your Content Manager__Edit Content Manager settings,https://support.google.com//youtube/answer/6301188?hl=en
YouTube for Content Managers__Set up your Content Manager__Edit Content Manager settings,https://support.google.com//youtube/answer/6301172?hl=en
YouTube for Content Managers__Set up your Content Manager__Edit Content Manager settings,https://support.google.com//youtube/answer/12719164?hl=en
YouTube for Content Managers__Set up your Content Manager__Edit Content Manager settings,https://support.google.com//youtube/answer/2811709?hl=en
YouTube for Content Managers__Set up your Content Manager__Edit Content Manager settings,https://support.google.com//youtube/answer/6301625?hl=en
YouTube for Content Managers__Set up your Content Manager__Edit Content Manager settings,https://support.google.com//youtube/answer/1320597?hl=en
YouTube for Content Managers__Set up your Content Manager__Edit Content Manager settings,https://support.google.com//youtube/answer/6361762?hl=en
YouTube for Content Managers__Set up your Content Manager__Set Content Manager access,https://support.google.com//youtube/answer/2660660?hl=en
YouTube for Content Managers__Set up your Content Manager__Set Content Manager access,https://support.google.com//youtube/answer/4524878?hl=en
YouTube for Content Managers__Set up your Content Manager__Set Content Manager access,https://support.google.com//youtube/answer/4524829?hl=en
YouTube for Content Managers__Set up your Content Manager__Set Content Manager access,https://support.google.com//youtube/answer/4525580?hl=en
YouTube for Content Managers__Set up your Content Manager__Manage channels,https://support.google.com//youtube/answer/9763348?hl=en
YouTube for Content Managers__Set up your Content Manager__Manage channels,https://support.google.com//youtube/answer/4568863?hl=en
YouTube for Content Managers__Set up your Content Manager__Manage channels,https://support.google.com//youtube/answer/106934?hl=en
YouTube for Content Managers__Set up your Content Manager__Manage channels,https://support.google.com//youtube/answer/106935?hl=en
YouTube for Content Managers__Set up your Content Manager__Manage channels,https://support.google.com//youtube/answer/9610285?hl=en
YouTube for Content Managers__Set up your Content Manager__Manage channels,https://support.google.com//youtube/answer/6351549?hl=en
YouTube for Content Managers__Deliver your content__Content delivery basics,https://support.google.com//youtube/answer/173674?hl=en
YouTube for Content Managers__Deliver your content__Content delivery basics,https://support.google.com//youtube/answer/3070500?hl=en
YouTube for Content Managers__Deliver your content__Content delivery basics,https://support.google.com//youtube/answer/3077589?hl=en
YouTube for Content Managers__Deliver your content__Content delivery basics,https://support.google.com//youtube/answer/4603579?hl=en
YouTube for Content Managers__Deliver your content__Content delivery basics,https://support.google.com//youtube/answer/1722171?hl=en
YouTube for Content Managers__Deliver your content__Deliver metadata__Spreadsheet templates,https://support.google.com//youtube/answer/6066171?hl=en
YouTube for Content Managers__Deliver your content__Deliver metadata__Spreadsheet templates,https://support.google.com//youtube/answer/6080480?hl=en
YouTube for Content Managers__Deliver your content__Deliver metadata__Spreadsheet templates,https://support.google.com//youtube/answer/6145492?hl=en
YouTube for Content Managers__Deliver your content__Deliver metadata__Spreadsheet templates,https://support.google.com//youtube/answer/6300772?hl=en
YouTube for Content Managers__Deliver your content__Deliver metadata__Spreadsheet templates,https://support.google.com//youtube/answer/9610989?hl=en
YouTube for Content Managers__Deliver your content__Deliver metadata,https://support.google.com//youtube/answer/3041024?hl=en
YouTube for Content Managers__Deliver your content__Use an SFTP dropbox,https://support.google.com//youtube/answer/3071034?hl=en
YouTube for Content Managers__Deliver your content__Use an SFTP dropbox,https://support.google.com//youtube/answer/3079012?hl=en
YouTube for Content Managers__Deliver your content__Use an SFTP dropbox,https://support.google.com//youtube/answer/3079146?hl=en
YouTube for Content Managers__Deliver your content__Use an SFTP dropbox,https://support.google.com//youtube/answer/3108471?hl=en
YouTube for Content Managers__Deliver your content__Use an Aspera dropbox,https://support.google.com//youtube/answer/7376730?hl=en
YouTube for Content Managers__Deliver your content__Use an Aspera dropbox,https://support.google.com//youtube/answer/3070607?hl=en
YouTube for Content Managers__Deliver your content__Use an Aspera dropbox,https://support.google.com//youtube/answer/3070575?hl=en
YouTube for Content Managers__Deliver your content__Use an Aspera dropbox,https://support.google.com//youtube/answer/3070594?hl=en
YouTube for Content Managers__Deliver your content__Use an Aspera dropbox,https://support.google.com//youtube/answer/3070641?hl=en
YouTube for Content Managers__Deliver your content__Use an Aspera dropbox,https://support.google.com//youtube/answer/3149776?hl=en
YouTube for Content Managers__Deliver your content__Use an Aspera dropbox,https://support.google.com//youtube/answer/7106966?hl=en
YouTube for Content Managers__Manage your content__Manage videos,https://support.google.com//youtube/answer/10947284?hl=en
YouTube for Content Managers__Manage your content__Manage assets,https://support.google.com//youtube/answer/6085487?hl=en
YouTube for Content Managers__Manage your content__Manage assets,https://support.google.com//youtube/answer/3011552?hl=en
YouTube for Content Managers__Manage your content__Manage assets,https://support.google.com//youtube/answer/3022607?hl=en
YouTube for Content Managers__Manage your content__Manage assets__Manage references,https://support.google.com//youtube/answer/107004?hl=en
YouTube for Content Managers__Manage your content__Manage assets__Manage references,https://support.google.com//youtube/answer/107008?hl=en
YouTube for Content Managers__Manage your content__Manage assets__Manage references,https://support.google.com//youtube/answer/107007?hl=en
YouTube for Content Managers__Manage your content__Manage assets__Manage references,https://support.google.com//youtube/answer/4389910?hl=en
YouTube for Content Managers__Manage your content__Manage assets__Manage references,https://support.google.com//youtube/answer/3022604?hl=en
YouTube for Content Managers__Manage your content__Manage assets__Manage references,https://support.google.com//youtube/answer/6013183?hl=en
YouTube for Content Managers__Manage your content__Manage assets__Manage references,https://support.google.com//youtube/answer/107012?hl=en
YouTube for Content Managers__Manage your content__Manage assets,https://support.google.com//youtube/answer/6302231?hl=en
YouTube for Content Managers__Manage your content__Manage assets__Use asset labels,https://support.google.com//youtube/answer/6393760?hl=en
YouTube for Content Managers__Manage your content__Manage assets__Use asset labels,https://support.google.com//youtube/answer/6063635?hl=en
YouTube for Content Managers__Manage your content__Manage assets__Use asset labels,https://support.google.com//youtube/answer/10431548?hl=en
YouTube for Content Managers__Manage your content__Manage assets__Manage asset ownership,https://support.google.com//youtube/answer/6085492?hl=en
YouTube for Content Managers__Manage your content__Manage assets__Manage asset ownership,https://support.google.com//youtube/answer/3013321?hl=en
YouTube for Content Managers__Manage your content__Manage assets__Manage asset ownership,https://support.google.com//youtube/answer/7669195?hl=en
YouTube for Content Managers__Manage your content__Manage claims,https://support.google.com//youtube/answer/3311596?hl=en
YouTube for Content Managers__Manage your content__Manage claims,https://support.google.com//youtube/answer/4352063?hl=en
YouTube for Content Managers__Manage your content__Manage claims,https://support.google.com//youtube/answer/112085?hl=en
YouTube for Content Managers__Manage your content__Manage claims,https://support.google.com//youtube/answer/106990?hl=en
YouTube for Content Managers__Manage your content__Manage claims,https://support.google.com//youtube/answer/106993?hl=en
YouTube for Content Managers__Manage your content__Manage claims,https://support.google.com//youtube/answer/9346683?hl=en
YouTube for Content Managers__Manage your content__Manage claims,https://support.google.com//youtube/answer/9948004?hl=en
YouTube for Content Managers__Manage your content__Manage claims,https://support.google.com//youtube/answer/6303378?hl=en
YouTube for Content Managers__Manage your content__Manage claims,https://support.google.com//youtube/answer/9049701?hl=en
YouTube for Content Managers__Manage your content__Manage claims,https://support.google.com//youtube/answer/6070344?hl=en
YouTube for Content Managers__Manage your content__Manage policies,https://support.google.com//youtube/answer/107383?hl=en
YouTube for Content Managers__Manage your content__Manage policies,https://support.google.com//youtube/answer/3369929?hl=en
YouTube for Content Managers__Manage your content__Manage policies,https://support.google.com//youtube/answer/106964?hl=en
YouTube for Content Managers__Manage your content__Manage policies,https://support.google.com//youtube/answer/107129?hl=en
YouTube for Content Managers__Manage your content__Manage policies,https://support.google.com//youtube/answer/106968?hl=en
YouTube for Content Managers__Manage your content__Manage policies,https://support.google.com//youtube/answer/3369992?hl=en
YouTube for Content Managers__Manage your content__Manage policies,https://support.google.com//youtube/answer/106966?hl=en
YouTube for Content Managers__Manage your content__Manage licenses,https://support.google.com//youtube/answer/11273150?hl=en
YouTube for Content Managers__Manage your content__Manage licenses,https://support.google.com//youtube/answer/11160940?hl=en
YouTube for Content Managers__Manage your content__Manage licenses,https://support.google.com//youtube/answer/11160743?hl=en
YouTube for Content Managers__Manage your content__Manage licenses,https://support.google.com//youtube/answer/11273657?hl=en
YouTube for Content Managers__Manage your content__Manage licenses,https://support.google.com//youtube/answer/11161149?hl=en
YouTube for Content Managers__Manage your content__Manage licenses,https://support.google.com//youtube/answer/11947108?hl=en
YouTube for Content Managers__Manage your content__Manage licenses,https://support.google.com//youtube/answer/11777268?hl=en
YouTube for Content Managers__Manage your content__Manage revenue sharing,https://support.google.com//youtube/answer/12823912?hl=en
YouTube for Content Managers__Manage your content__Manage revenue sharing,https://support.google.com//youtube/answer/12752646?hl=en
YouTube for Content Managers__Manage your content__Manage campaigns,https://support.google.com//youtube/answer/6078374?hl=en
YouTube for Content Managers__Manage your content__Manage campaigns,https://support.google.com//youtube/answer/10901706?hl=en
YouTube for Content Managers__Manage your content__Manage Shorts,https://support.google.com//youtube/answer/13053317?hl=en
YouTube for Content Managers__Manage your content__Manage Shorts,https://support.google.com//youtube/answer/13053635?hl=en
YouTube for Content Managers__Manage your content__Analyze content performance,https://support.google.com//youtube/answer/6085583?hl=en
YouTube for Content Managers__Manage your content__Analyze content performance,https://support.google.com//youtube/answer/6085590?hl=en
YouTube for Content Managers__Manage your content__Analyze content performance,https://support.google.com//youtube/answer/9718397?hl=en
YouTube for Content Managers__Manage your content__Analyze content performance,https://support.google.com//youtube/answer/6348054?hl=en
YouTube for Content Managers__Manage your content__Advanced topics for music partners,https://support.google.com//youtube/answer/7071269?hl=en
YouTube for Content Managers__Manage your content__Advanced topics for music partners,https://support.google.com//youtube/answer/2822002?hl=en
YouTube for Content Managers__Manage your content__Advanced topics for music partners__Deliver music content,https://support.google.com//youtube/answer/6039860?hl=en
YouTube for Content Managers__Manage your content__Advanced topics for music partners__Deliver music content__Using the YouTube DDEX feed,https://support.google.com//youtube/answer/3503737?hl=en
YouTube for Content Managers__Manage your content__Advanced topics for music partners__Deliver music content__Using the YouTube DDEX feed,https://support.google.com//youtube/answer/3498397?hl=en
YouTube for Content Managers__Manage your content__Advanced topics for music partners__Deliver music content__Using the YouTube DDEX feed,https://support.google.com//youtube/answer/7161494?hl=en
YouTube for Content Managers__Manage your content__Advanced topics for music partners__Deliver music content__Using the YouTube DDEX feed,https://support.google.com//youtube/answer/3505274?hl=en
YouTube for Content Managers__Manage your content__Advanced topics for music partners__Deliver music content__Using the YouTube DDEX feed,https://support.google.com//youtube/answer/3506094?hl=en
YouTube for Content Managers__Manage your content__Advanced topics for music partners__Deliver music content__Using the YouTube DDEX feed,https://support.google.com//youtube/answer/7513944?hl=en
YouTube for Content Managers__Manage your content__Advanced topics for music partners__Deliver music content__Using the YouTube DDEX feed,https://support.google.com//youtube/answer/3506114?hl=en
YouTube for Content Managers__Manage your content__Advanced topics for music partners__Deliver music content__Using the YouTube DDEX feed,https://support.google.com//youtube/answer/3506115?hl=en
YouTube for Content Managers__Manage your content__Advanced topics for music partners__Deliver music content__Using the YouTube DDEX feed,https://support.google.com//youtube/answer/3506116?hl=en
YouTube for Content Managers__Manage your content__Advanced topics for music partners__Deliver music content__Using the YouTube DDEX feed,https://support.google.com//youtube/answer/3506749?hl=en
YouTube for Content Managers__Manage your content__Advanced topics for music partners__Deliver music content__Using the YouTube DDEX feed,https://support.google.com//youtube/answer/4443834?hl=en
YouTube for Content Managers__Manage your content__Advanced topics for music partners__Deliver music content__Using the YouTube DDEX feed,https://support.google.com//youtube/answer/12029076?hl=en
YouTube for Content Managers__Manage your content__Advanced topics for music partners__Deliver music content__Using the YouTube DDEX feed,https://support.google.com//youtube/answer/10573292?hl=en
YouTube for Content Managers__Manage your content__Advanced topics for music partners__Deliver music content__Using the YouTube DDEX feed,https://support.google.com//youtube/answer/12815646?hl=en
YouTube for Content Managers__Manage your content__Advanced topics for music partners__Deliver music content,https://support.google.com//youtube/answer/6007478?hl=en
YouTube for Content Managers__Manage your content__Advanced topics for music partners__Deliver music content,https://support.google.com//youtube/answer/6081118?hl=en
YouTube for Content Managers__Manage your content__Advanced topics for music partners__Deliver music content,https://support.google.com//youtube/answer/3506725?hl=en
YouTube for Content Managers__Manage your content__Advanced topics for music partners__Deliver music content,https://support.google.com//youtube/answer/6124382?hl=en
YouTube for Content Managers__Manage your content__Advanced topics for music partners__Manage art tracks,https://support.google.com//youtube/answer/6007071?hl=en
YouTube for Content Managers__Manage your content__Advanced topics for music partners__Manage art tracks,https://support.google.com//youtube/answer/3504912?hl=en
YouTube for Content Managers__Manage your content__Advanced topics for music partners__Manage art tracks,https://support.google.com//youtube/answer/9609276?hl=en
YouTube for Content Managers__Manage your content__Advanced topics for music partners__Manage art tracks,https://support.google.com//youtube/answer/6007080?hl=en
YouTube for Content Managers__Manage your content__Advanced topics for music partners__Manage art tracks,https://support.google.com//youtube/answer/6079004?hl=en
YouTube for Content Managers__Manage your content__Advanced topics for music partners__Manage art tracks,https://support.google.com//youtube/answer/6082365?hl=en
YouTube for Content Managers__Manage your content__Advanced topics for music partners__Manage art tracks,https://support.google.com//youtube/answer/3505235?hl=en
YouTube for Content Managers__Manage your content__Advanced topics for music partners__Manage art tracks,https://support.google.com//youtube/answer/6082427?hl=en
YouTube for Content Managers__Manage your content__Advanced topics for music partners__Manage art tracks,https://support.google.com//youtube/answer/6082726?hl=en
YouTube for Content Managers__Manage your content__Advanced topics for music partners__Manage art tracks,https://support.google.com//youtube/answer/6082335?hl=en
YouTube for Content Managers__Manage your content__Advanced topics for music partners__Manage art tracks,https://support.google.com//youtube/answer/6079081?hl=en
YouTube for Content Managers__Manage your content__Advanced topics for music partners__Manage art tracks,https://support.google.com//youtube/answer/11413959?hl=en
YouTube for Content Managers__Manage your content__Advanced topics for music partners__Manage art tracks,https://support.google.com//youtube/answer/9941997?hl=en
YouTube for Content Managers__Manage your content__Advanced topics for music partners,https://support.google.com//youtube/answer/7549839?hl=en
YouTube for Content Managers__Manage your content__Advanced topics for music partners,https://support.google.com//youtube/answer/9234170?hl=en
YouTube for Content Managers__Manage your content__Advanced topics for music partners,https://support.google.com//youtube/answer/10707874?hl=en
YouTube for Content Managers__Manage your content__Advanced topics for music partners,https://support.google.com//youtube/answer/10192537?hl=en
YouTube for Content Managers__Manage your content__Advanced topics for music partners,https://support.google.com//youtube/answer/12732257?hl=en
YouTube for Content Managers__Manage your content__Advanced topics for music partners,https://support.google.com//youtube/answer/14946424?hl=en
YouTube policies__Best practices for creators,https://support.google.com//youtube/answer/6345162?hl=en
YouTube policies__Best practices for creators,https://support.google.com//youtube/answer/7650329?hl=en
YouTube policies__Best practices for creators,https://support.google.com//youtube/answer/9229229?hl=en
YouTube policies__Best practices for creators,https://support.google.com//youtube/answer/10938174?hl=en
YouTube policies__Best practices for creators,https://support.google.com//youtube/answer/14328491?hl=en
YouTube policies__Spam & deceptive practices,https://support.google.com//youtube/answer/2801973?hl=en
YouTube policies__Spam & deceptive practices,https://support.google.com//youtube/answer/2801947?hl=en
YouTube policies__Spam & deceptive practices,https://support.google.com//youtube/answer/9054257?hl=en
YouTube policies__Spam & deceptive practices,https://support.google.com//youtube/answer/3399767?hl=en
YouTube policies__Spam & deceptive practices,https://support.google.com//youtube/answer/2801981?hl=en
YouTube policies__Spam & deceptive practices,https://support.google.com//youtube/answer/9713446?hl=en
YouTube policies__Sensitive content,https://support.google.com//youtube/answer/2802002?hl=en
YouTube policies__Sensitive content,https://support.google.com//youtube/answer/9229980?hl=en
YouTube policies__Sensitive content,https://support.google.com//youtube/answer/2801999?hl=en
YouTube policies__Sensitive content,https://support.google.com//youtube/answer/10072685?hl=en
YouTube policies__Violent or dangerous content,https://support.google.com//youtube/answer/2801964?hl=en
YouTube policies__Violent or dangerous content,https://support.google.com//youtube/answer/2802008?hl=en
YouTube policies__Violent or dangerous content,https://support.google.com//youtube/answer/9229472?hl=en
YouTube policies__Violent or dangerous content,https://support.google.com//youtube/answer/2801939?hl=en
YouTube policies__Violent or dangerous content,https://support.google.com//youtube/answer/2802268?hl=en
YouTube policies__Regulated goods,https://support.google.com//youtube/answer/7667605?hl=en
YouTube policies__Regulated goods,https://support.google.com//youtube/answer/9229611?hl=en
YouTube policies__Misinformation policies,https://support.google.com//youtube/answer/10834785?hl=en
YouTube policies__Misinformation policies,https://support.google.com//youtube/answer/10835034?hl=en
YouTube policies__Misinformation policies,https://support.google.com//youtube/answer/13813322?hl=en
YouTube policies__Legal policies,https://support.google.com//youtube/answer/6154218?hl=en
YouTube policies__Legal policies,https://support.google.com//youtube/answer/6154227?hl=en
YouTube policies__Legal policies,https://support.google.com//youtube/answer/6154230?hl=en
YouTube policies__Legal policies,https://support.google.com//youtube/answer/9744173?hl=en
YouTube policies__Legal policies,https://support.google.com//youtube/answer/9996224?hl=en
YouTube policies__Legal policies,https://support.google.com//youtube/answer/6156383?hl=en
YouTube policies__Legal policies,https://support.google.com//youtube/answer/14174775?hl=en
YouTube policies__Manage access to YouTube features,https://support.google.com//youtube/answer/9891124?hl=en
Reporting and enforcement__Report content,https://support.google.com//youtube/answer/2802027?hl=en
Reporting and enforcement__Report content,https://support.google.com//youtube/answer/7626105?hl=en
Reporting and enforcement__Report content,https://support.google.com//youtube/answer/10684207?hl=en
Reporting and enforcement__Report content,https://support.google.com//youtube/answer/7554338?hl=en
Reporting and enforcement__Report content,https://support.google.com//youtube/answer/7687979?hl=en
Reporting and enforcement__Report content,https://support.google.com//youtube/answer/2802057?hl=en
Reporting and enforcement__Report content,https://support.google.com//youtube/answer/14261249?hl=en
Reporting and enforcement__Learn about enforcements,https://support.google.com//youtube/answer/13304829?hl=en
Reporting and enforcement__Learn about enforcements,https://support.google.com//youtube/answer/2802032?hl=en
Reporting and enforcement__Learn about enforcements,https://support.google.com//youtube/answer/2802167?hl=en
Reporting and enforcement__Learn about enforcements,https://support.google.com//youtube/answer/7354993?hl=en
Reporting and enforcement__Learn about enforcements,https://support.google.com//youtube/answer/10070779?hl=en
Reporting and enforcement__Learn about enforcements,https://support.google.com//youtube/answer/7300965?hl=en
Reporting and enforcement__Learn about enforcements,https://support.google.com//youtube/answer/2802168?hl=en
Reporting and enforcement__Learn about enforcements,https://support.google.com//youtube/answer/7458465?hl=en
Reporting and enforcement__Learn about enforcements,https://support.google.com//youtube/answer/9235777?hl=en
Reporting and enforcement__Manage enforcements,https://support.google.com//youtube/answer/13304628?hl=en
Reporting and enforcement__Manage enforcements,https://support.google.com//youtube/answer/185111?hl=en
Reporting and enforcement__Manage enforcements,https://support.google.com//youtube/answer/2950063?hl=en
Reporting and enforcement__Manage enforcements,https://support.google.com//youtube/answer/6395024?hl=en
Privacy and safety center__Privacy resources,https://support.google.com//youtube/answer/2801895?hl=en
Privacy and safety center__Privacy resources,https://support.google.com//youtube/answer/174084?hl=en
Privacy and safety center__Privacy resources,https://support.google.com//youtube/answer/157177?hl=en
Privacy and safety center__Privacy resources,https://support.google.com//youtube/answer/9315727?hl=en
Privacy and safety center__Privacy resources,https://support.google.com//youtube/answer/14202510?hl=en
Privacy and safety center__Privacy resources,https://support.google.com//youtube/answer/14202892?hl=en
Privacy and safety center__Safety resources,https://support.google.com//youtube/answer/9563682?hl=en
Privacy and safety center__Safety resources,https://support.google.com//youtube/answer/2802245?hl=en
Privacy and safety center__Safety resources,https://support.google.com//youtube/answer/2802272?hl=en
Privacy and safety center__Safety resources,https://support.google.com//youtube/answer/2802327?hl=en
Privacy and safety center__Safety resources,https://support.google.com//youtube/answer/2802244?hl=en
Privacy and safety center__Safety resources,https://support.google.com//youtube/answer/2802848?hl=en
Privacy and safety center__Safety resources,https://support.google.com//youtube/answer/13774381?hl=en
Privacy and safety center__Made for kids content,https://support.google.com//youtube/answer/9527654?hl=en
Privacy and safety center__Made for kids content,https://support.google.com//youtube/answer/9528076?hl=en
Privacy and safety center__Made for kids content,https://support.google.com//youtube/answer/10774223?hl=en
Privacy and safety center__Made for kids content,https://support.google.com//youtube/answer/9684541?hl=en
Copyright and rights management__Learn about copyright on YouTube,https://support.google.com//youtube/answer/2797466?hl=en
Copyright and rights management__Learn about copyright on YouTube,https://support.google.com//youtube/answer/2797449?hl=en
Copyright and rights management__Learn about copyright on YouTube,https://support.google.com//youtube/answer/2797468?hl=en
Copyright and rights management__Learn about copyright on YouTube,https://support.google.com//youtube/answer/9783148?hl=en
Copyright and rights management__Learn about copyright on YouTube,https://support.google.com//youtube/answer/6396261?hl=en
Copyright and rights management__Learn about copyright on YouTube,https://support.google.com//youtube/answer/7680188?hl=en
Copyright and rights management__Copyright claim basics,https://support.google.com//youtube/answer/7002106?hl=en
Copyright and rights management__Copyright claim basics,https://support.google.com//youtube/answer/13823830?hl=en
Copyright and rights management__Copyright claim basics,https://support.google.com//youtube/answer/2814000?hl=en
Copyright and rights management__Copyright claim basics,https://support.google.com//youtube/answer/6013276?hl=en
Copyright and rights management__Copyright claim basics,https://support.google.com//youtube/answer/2797454?hl=en
Copyright and rights management__Copyright claim basics,https://support.google.com//youtube/answer/12104471?hl=en
Copyright and rights management__Copyright claim basics,https://support.google.com//youtube/answer/7000961?hl=en
Copyright and rights management__Copyright claim basics,https://support.google.com//youtube/answer/9374251?hl=en
Copyright and rights management__Submit and retract claims,https://support.google.com//youtube/answer/2807622?hl=en
Copyright and rights management__Submit and retract claims,https://support.google.com//youtube/answer/10298392?hl=en
Copyright and rights management__Submit and retract claims,https://support.google.com//youtube/answer/2807691?hl=en
Copyright and rights management__Submit and retract claims,https://support.google.com//youtube/answer/6005900?hl=en
Copyright and rights management__Submit and retract claims,https://support.google.com//youtube/answer/9516993?hl=en
Copyright and rights management__Submit and retract claims,https://support.google.com//youtube/answer/6005919?hl=en
Copyright and rights management__Submit and retract claims,https://support.google.com//youtube/answer/2807684?hl=en
Copyright and rights management__Submit and retract claims,https://support.google.com//youtube/answer/12497556?hl=en
Copyright and rights management__Detailed claim issues,https://support.google.com//youtube/answer/2797387?hl=en
Copyright and rights management__Detailed claim issues,https://support.google.com//youtube/answer/3367684?hl=en
Copyright and rights management__Detailed claim issues,https://support.google.com//youtube/answer/2902117?hl=en
Copyright and rights management__Detailed claim issues,https://support.google.com//youtube/answer/94316?hl=en
Copyright and rights management__Detailed claim issues,https://support.google.com//youtube/answer/9167045?hl=en
Copyright and rights management__Detailed claim issues,https://support.google.com//youtube/answer/7580521?hl=en
Copyright and rights management__Detailed claim issues,https://support.google.com//youtube/answer/3045545?hl=en
Copyright and rights management__Copyright management tools,https://support.google.com//youtube/answer/9245819?hl=en
Copyright and rights management__Copyright management tools,https://support.google.com//youtube/answer/7648743?hl=en
Copyright and rights management__Copyright management tools,https://support.google.com//youtube/answer/2797370?hl=en
Copyright and rights management__Copyright management tools,https://support.google.com//youtube/answer/1311402?hl=en
Copyright and rights management__Copyright management tools,https://support.google.com//youtube/answer/6005923?hl=en
Copyright and rights management__Copyright management tools,https://support.google.com//youtube/answer/3010500?hl=en
Copyright and rights management__Copyright management tools,https://support.google.com//youtube/answer/11100886?hl=en
Join the YouTube Shorts Creator Community,https://support.google.com/youtube/answer/12182593?hl=en
