"https://support.google.com/youtube/topic/9257404?hl=en&ref_topic=9257498,3230811,3256124,"
"https://support.google.com/youtube/topic/3024171?hl=en&ref_topic=9257498,3230811,3256124,"
"https://support.google.com/youtube/topic/2888603?hl=en&ref_topic=9257498,3230811,3256124,"
"https://support.google.com/youtube/topic/9257117?hl=en&ref_topic=9257498,3230811,3256124,"
"https://support.google.com/youtube/topic/9153641?hl=en&ref_topic=9257498,3230811,3256124,"
"https://support.google.com/youtube/topic/13401449?hl=en&ref_topic=9257498,3230811,3256124,"
"https://support.google.com/youtube/topic/13343244?hl=en&ref_topic=9257498,3230811,3256124,"
"https://support.google.com/youtube/topic/9257408?hl=en&ref_topic=9257500,3230811,3256124,"
"https://support.google.com/youtube/topic/9257502?hl=en&ref_topic=9257500,3230811,3256124,"
"https://support.google.com/youtube/topic/9257096?hl=en&ref_topic=9257500,3230811,3256124,"
"https://support.google.com/youtube/topic/9257418?hl=en&ref_topic=9257500,3230811,3256124,"
"https://support.google.com/youtube/topic/9257423?hl=en&ref_topic=9257500,3230811,3256124,"
"https://support.google.com/youtube/topic/9257404?hl=en&ref_topic=9257500,3230811,3256124,"
"https://support.google.com/youtube/topic/9257105?hl=en&ref_topic=9257500,3230811,3256124,"
"https://support.google.com/youtube/topic/9267757?hl=en&ref_topic=9257107,3230811,3256124,"
"https://support.google.com/youtube/topic/9257108?hl=en&ref_topic=9257107,3230811,3256124,"
"https://support.google.com/youtube/topic/9257518?hl=en&ref_topic=9257107,3230811,3256124,"
"https://support.google.com/youtube/topic/9257112?hl=en&ref_topic=9257107,3230811,3256124,"
"https://support.google.com/youtube/topic/3024171?hl=en&ref_topic=9257107,3230811,3256124,"
"https://support.google.com/youtube/topic/13401752?hl=en&ref_topic=9257107,3230811,3256124,"
"https://support.google.com/youtube/topic/10314939?hl=en&ref_topic=3230811,3256124,&sjid=13258760906269772603-AP"
"https://support.google.com/youtube/topic/12155486?hl=en&ref_topic=9257430,3230811,3256124,"
"https://support.google.com/youtube/topic/9257431?hl=en&ref_topic=9257430,3230811,3256124,"
"https://support.google.com/youtube/topic/9257116?hl=en&ref_topic=9257430,3230811,3256124,"
"https://support.google.com/youtube/topic/9516474?hl=en&ref_topic=9257430,3230811,3256124,"
"https://support.google.com/youtube/topic/9257117?hl=en&ref_topic=9257430,3230811,3256124,"
"https://support.google.com/youtube/topic/9995067?hl=en&ref_topic=9257430,3230811,3256124,"
"https://support.google.com/youtube/topic/12013284?hl=en&ref_topic=9257430,3230811,3256124,"
"https://support.google.com/youtube/topic/13400958?hl=en&ref_topic=9257430,3230811,3256124,"
"https://support.google.com/youtube/topic/16547?hl=en&ref_topic=9257610,3230811,3256124,"
"https://support.google.com/youtube/topic/9257530?hl=en&ref_topic=9257610,3230811,3256124,"
"https://support.google.com/youtube/topic/10343432?hl=en&ref_topic=9257610,3230811,3256124,"
"https://support.google.com/youtube/topic/13521391?hl=en&ref_topic=9257610,3230811,3256124,"
"https://support.google.com/youtube/topic/9257786?hl=en&ref_topic=9257610,3230811,3256124,"
"https://support.google.com/youtube/topic/9257532?hl=en&ref_topic=9257610,3230811,3256124,"
"https://support.google.com/youtube/topic/9257536?hl=en&ref_topic=9257610,3230811,3256124,"
"https://support.google.com/youtube/topic/9257889?hl=en&ref_topic=9257610,3230811,3256124,"
"https://support.google.com/youtube/topic/9257891?hl=en&ref_topic=9257610,3230811,3256124,"
"https://support.google.com/youtube/answer/12182593?hl=en&ref_topic=9257610,3230811,3256124,&visit_id=638571813775465366-528951287&rd=1"
"https://support.google.com/youtube/topic/12751231?hl=en&ref_topic=9257610,3230811,3256124,"
"https://support.google.com/youtube/topic/13401855?hl=en&ref_topic=9257610,3230811,3256124,"
"https://support.google.com/youtube/topic/9153567?hl=en&ref_topic=9257986,3230811,3256124,"
"https://support.google.com/youtube/topic/9240125?hl=en&ref_topic=9257986,3230811,3256124,"
"https://support.google.com/youtube/topic/11407695?hl=en&ref_topic=9257986,3230811,3256124,"
"https://support.google.com/youtube/topic/9257894?hl=en&ref_topic=9257986,3230811,3256124,"
"https://support.google.com/youtube/topic/9153641?hl=en&ref_topic=9257986,3230811,3256124,"
"https://support.google.com/youtube/topic/9153648?hl=en&ref_topic=9257986,3230811,3256124,"
"https://support.google.com/youtube/topic/2803176?hl=en&ref_topic=6151248,3230811,3256124,"
"https://support.google.com/youtube/topic/2803138?hl=en&ref_topic=6151248,3230811,3256124,"
"https://support.google.com/youtube/topic/2803240?hl=en&ref_topic=6151248,3230811,3256124,"
"https://support.google.com/youtube/topic/2676339?hl=en&ref_topic=6151248,3230811,3256124,"